PlayCode,shortTitle,Genre,Author,TitlePagePrintingDate,UncertainPerformDate,performDate,Format,printingDate,SHC,Act1,Act2,Act3,Act4,Act5,OathTotal
Camp,"Campaspe (Alexander, Campaspe, and Diogenes)",Comedies,John Lyly (Uncertain: No)|,1584,Yes,1583,quarto,1584,158-A06583,0,0,0,0,0,0
Gal,Gallathea,Comedies,John Lyly (Uncertain: No)|,1592,Yes,1585,quarto,1592,158-A06619,0,0,0,0,0,0
Midas,Midas,Comedies,John Lyly (Uncertain: No)|,1592,No,1589,quarto,1592,158-A06621,0,1,0,1,1,3
SaP,Sappho and Phao,Comedies,John Lyly (Uncertain: No)|,1584,Yes,1583,quarto,1584,158-A06625,0,0,0,0,0,0
JoM,The Jew of Malta,Tragedies,Christopher Marlowe (Uncertain: No)|,1633,Yes,1589,quarto,1633,158-A06991_0,0,0,0,0,0,0
1Tam,"Tamburlaine the Great, 1",Romance plays,Christopher Marlowe (Uncertain: No)|,1590,Yes,1587,octavo,1590,158-A07004_01_0,0,1,0,0,0,1
2Tam,"Tamburlaine the Great, 2",Romance plays,Christopher Marlowe (Uncertain: No)|,1590,Yes,1588,octavo,1590,158-A07004_02_0,0,0,0,0,1,1
Paris,The Arraignment of Paris,Pastoral plays,George Peele (Uncertain: No)|,1584,Yes,1581,quarto,1584,158-A09220,1,0,0,0,0,1
SHJ4,The Scottish History of James the Fourth,History plays,Robert Greene (Uncertain: No)|,1598,Yes,1590,quarto,1598,159-A02168,0,1,0,0,1,2
EMO,Every Man Out of His Humor,Comedies,Ben Jonson (Uncertain: No)|,1600,No,1599,quarto,1600,159-A04648,8,10,16,13,25,72
Endy,"Endymion, the Man in the Moon",Comedies,John Lyly (Uncertain: No)|,1591,No,1588,quarto,1591,159-A06589,0,0,0,0,0,0
LovMeta,Love's Metamorphosis,Pastoral plays,John Lyly (Uncertain: No)|,1601,Yes,1590,quarto,1601,159-A06620,0,0,0,0,0,0
MoBo,Mother Bombie,Comedies,John Lyly (Uncertain: No)|,1594,Yes,1591,quarto,1594,159-A06622,0,0,0,0,0,0
1AntMel,Antonio and Mellida,Tragicomedies,John Marston (Uncertain: No)|,1602,Yes,1599,quarto,1602,159-A07063,0,4,5,0,2,11
Locrine,Locrine,Tragedies,W. S. (Uncertain: No)|,1595,Yes,1594,quarto,1595,159-A11262,1,1,0,1,0,3
Cyrus,The Wars of Cyrus,Tragedies,Anonymous (Uncertain: No)|,1594,Yes,1588,quarto,1594,159-A19738,0,0,0,0,0,0
AEG,"Alphonsus, Emperor of Germany",Tragedies,Anonymous (Uncertain: No)|,1654,Yes,1594,quarto,1654,159-A31675,0,0,0,0,0,0
Goosecap,Sir Giles Goosecap,Comedies,George Chapman (Uncertain: No)|,1606,No,1602,quarto,1606,160-A01911,10,0,4,5,4,23
RKLS,The Royal King and the Loyal Subject,Tragicomedies,Thomas Heywood (Uncertain: No)|,1637,Yes,1602,quarto,1637,160-A03248,1,1,0,0,0,2
WWH,The Wise Woman of Hogsdon,Comedies,Thomas Heywood (Uncertain: No)|,1638,Yes,1604,quarto,1638,160-A03255,0,0,0,0,0,0
Devils,"The Devil's Charter, or Pope Alexander the Sixth",Tragedies,Barnabe Barnes (Uncertain: No)|,1607,No,1606,quarto,1607,160-A04539,0,0,0,2,1,3
Ram,"Ram Alley, or Merry Tricks",Comedies,Lording Barry (Uncertain: No)|,1611,Yes,1608,quarto,1611,160-A04881,1,1,0,0,4,6
CupRev,Cupid's Revenge,Tragedies,Francis Beaumont (Uncertain: No)| John Fletcher (Uncertain: No)|,1615,Yes,1608,quarto,1615,160-A06177,1,1,0,5,0,7
KBP,The Knight of the Burning Pestle,Comedies|Romance plays,Francis Beaumont (Uncertain: No)|,1613,No,1607,quarto,1613,160-A06252,1,2,0,0,0,3
Phil,Philaster,Tragicomedies,Francis Beaumont (Uncertain: No)| John Fletcher (Uncertain: No)|,1620,No,1609,quarto,1620,160-A06343,0,0,0,1,0,1
WoHa,The Woman Hater (The Hungry Courtier),Comedies,Francis Beaumont (Uncertain: No)| John Fletcher (Uncertain: No)|,1607,No,1606,quarto,1607,160-A06458,2,0,1,0,0,3
MMeta,The Maid's Metamorphosis,Comedies,Anonymous (Uncertain: No)|,1600,Yes,1600,quarto,1600,160-A06742,0,0,1,0,0,1
Dumb,The Dumb Knight,Comedies,Gervase Markham (Uncertain: No)| Lewis Machin (Uncertain: No)|,1608,Yes,1608,quarto,1608,160-A06975,3,2,4,0,0,9
2AntMel,"Antonio's Revenge (Antonio and Mellida, 2)",Tragedies,John Marston (Uncertain: No)|,1602,Yes,1600,quarto,1602,160-A07064,1,2,0,3,0,6
DC,The Dutch Courtesan (Cockle de Moye),Comedies,John Marston (Uncertain: No)|,1605,Yes,1605,quarto,1605,160-A07065,0,0,1,2,2,5
Malc,The Malcontent,Tragicomedies,John Marston (Uncertain: No)|,1604,Yes,1604,quarto,1604,160-A07071,0,0,0,0,1,1
Parasit,"Parasitaster, or The Fawn",Comedies,John Marston (Uncertain: No)|,1606,No,1604,quarto,1606,160-A07077,0,0,0,0,2,2
FL,The Family of Love,Comedies,Thomas Middleton (Uncertain: Yes)|,1608,Yes,1608,quarto,1608,160-A07495,0,0,0,0,0,0
MWMM,"A Mad World, My Masters",Comedies,Thomas Middleton (Uncertain: No)|,1608,Yes,1605,quarto,1608,160-A07504,2,1,3,8,5,19
MT,Michaelmas Term,Comedies,Thomas Middleton (Uncertain: No)|,1607,Yes,1604,quarto,1607,160-A07505,1,3,2,1,0,7
TCOO,A Trick to Catch the Old One,Comedies,Thomas Middleton (Uncertain: No)|,1608,No,1605,quarto,1608,160-A07511,1,0,0,1,0,2
CupWhi,Cupid's Whirligig,Comedies,Edward Sharpham (Uncertain: No)|,1607,No,1607,quarto,1607,160-A12074,0,0,3,6,2,11
Fleer,The Fleer,Comedies,Edward Sharpham (Uncertain: No)|,1607,No,1607,quarto,1607,160-A12078,1,0,0,1,0,2
AF,All Fools,Comedies,George Chapman (Uncertain: No)|,1605,No,1601,quarto,1605,160-A18400,3,3,0,2,2,10
BDA,Bussy D'Ambois,History plays,George Chapman (Uncertain: No)|,1607,Yes,1604,quarto,1607,160-A18403,4,0,0,0,0,4
EastHo,Eastward Ho,Comedies,George Chapman (Uncertain: No)| Ben Jonson (Uncertain: No)| John Marston (Uncertain: No)|,1605,No,1605,quarto,1605,160-A18407,12,3,7,4,0,26
GU,The Gentleman Usher (Vincentio and Margaret),Comedies,George Chapman (Uncertain: No)|,1606,Yes,1602,quarto,1606,160-A18413,5,0,4,6,2,17
MD,May Day,Comedies,George Chapman (Uncertain: No)|,1611,Yes,1602,quarto,1611,160-A18415,5,12,10,12,5,44
CaePom,Caesar and Pompey (The Wars of Caesar and Pompey),History plays,George Chapman (Uncertain: No)|,[1631],Yes,1605,quarto,1631,160-A18425,0,1,0,0,0,1
WT,The Widow's Tears,Comedies,George Chapman (Uncertain: No)|,1612,Yes,1604,quarto,1612,160-A18426,2,4,1,2,3,12
Hoff,"Hoffman, or a Revenge for a Father",Tragedies,Henry Chettle (Uncertain: No)|,1631,No,1602,quarto,1631,160-A18596,0,1,0,0,1,2
CLP,Contention between Liberality and Prodigality,Morality plays,Anonymous (Uncertain: No)|,1602,No,1601,quarto,1602,160-A19182,0,0,0,2,0,2
BBanq,The Bloody Banquet,Tragedies,Thomas Dekker (Uncertain: No)| Thomas Middleton (Uncertain: No)|,1639,Yes,1608,quarto,1639,160-A19755,1,1,0,1,0,3
Philotas,Philotas,Tragedies,Samuel Daniel (Uncertain: No)|,1605,No,1604,octavo,1605,160-A19812_03,1,0,0,0,0,1
HOB,Humor Out of Breath,Comedies,John Day (Uncertain: No)|,1608,Yes,1608,quarto,1608,160-A19975,0,1,3,6,1,11
LawTri,Law Tricks,Comedies,John Day (Uncertain: No)|,1608,Yes,1604,quarto,1608,160-A19977,0,1,0,5,1,7
TTEB,The Travels of the Three English Brothers,History plays,John Day (Uncertain: No)| George Wilkins (Uncertain: No)| William Rowley (Uncertain: No)|,1607,No,1607,quarto,1607,160-A19978,0,0,0,0,1,1
WestHo,Westward Ho,Comedies,Thomas Dekker (Uncertain: No)| John Webster (Uncertain: No)|,1607,No,1604,quarto,1607,160-A20100,1,2,0,4,6,13
JDrum,Jack Drum's Entertainment (Katherine and Pasquil),Comedies,John Marston (Uncertain: No)|,1601,No,1600,quarto,1601,160-A20867,0,0,1,1,0,2
NobleG,The Noble Gentleman,Comedies,John Fletcher (Uncertain: No)| Francis Beaumont (Uncertain: Yes)|,1647,Yes,1606,folio,1647,160-A27177_05,1,0,0,0,1,2
LovCure,"Love's Cure, or The Martial Maid",Comedies,Francis Beaumont (Uncertain: No)| John Fletcher (Uncertain: No)| Philip Massinger (Uncertain: No)|,1647,Yes,1606,folio,1647,160-A27177_25,0,0,0,0,0,0
MrDO,Monsieur D'Olive,Comedies,George Chapman (Uncertain: No)|,1606,No,1605,quarto,1606,160-A69093,3,1,7,4,8,23
Weathercock,A Woman is a Weathercock,Comedies,Nathan Field (Uncertain: No)|,1612,Yes,1609,quarto,1612,161-A00725,0,0,0,1,1,2
NW,"The Night Walker, or The Little Thief",Comedies,John Fletcher (Uncertain: No)| James Shirley (Uncertain: No)|,1640,Yes,1611,quarto,1640,161-A00966,0,0,0,0,0,0
ThiTheo,Thierry and Theodoret,Tragedies,Francis Beaumont (Uncertain: No)| John Fletcher (Uncertain: No)| Philip Massinger (Uncertain: No)|,1621,Yes,1617,quarto,1621,161-A00968,0,0,0,1,0,1
1IA,"The Iron Age, 1",Classical legend,Thomas Heywood (Uncertain: No)|,1632,Yes,1612,quarto,1632,161-A03223_01,0,0,0,0,0,0
2IA,"The Iron Age, 2",Classical legend,Thomas Heywood (Uncertain: No)|,1632,Yes,1612,quarto,1632,161-A03223_02,0,0,0,0,0,0
BF,Bartholomew Fair,Comedies,Ben Jonson (Uncertain: No)|,1631,No,1614,folio,1631,161-A04633_01,2,5,7,12,0,26
Staple,The Staple of News,Comedies,Ben Jonson (Uncertain: No)|,1631,No,1626,folio,1631,161-A04633_03,0,0,1,0,0,1
AKNK,A King and No King,Tragicomedies,Francis Beaumont (Uncertain: No)| John Fletcher (Uncertain: No)|,1619,No,1611,quarto,1619,161-A06207,0,1,1,1,1,4
MaidsT,The Maid's Tragedy,Tragedies,Francis Beaumont (Uncertain: No)| John Fletcher (Uncertain: No)|,1619,Yes,1610,quarto,1619,161-A06289,0,0,0,0,2,2
SL,The Scornful Lady,Comedies,Francis Beaumont (Uncertain: No)| John Fletcher (Uncertain: No)|,1616,Yes,1610,quarto,1616,161-A06389,0,0,2,0,2,4
Turk,The Turk (Muleasses the Turk),Tragedies,John Mason (Uncertain: No)|,1610,Yes,1607,quarto,1610,161-A07217,4,1,2,2,2,11
FD,The Fatal Dowry,Tragedies,Nathan Field (Uncertain: No)| Philip Massinger (Uncertain: No)|,1632,Yes,1619,quarto,1632,161-A07251,0,2,1,3,0,6
Cheap,A Chaste Maid in Cheapside,Comedies,Thomas Middleton (Uncertain: No)|,1630,No,1613,quarto,1630,161-A07493,0,1,0,0,0,1
FQ,A Fair Quarrel,Tragicomedies,Thomas Middleton (Uncertain: No)| William Rowley (Uncertain: No)|,1617,Yes,1616,quarto,1617,161-A07528,0,0,1,0,0,1
NWWNV,"A New Wonder, A Woman Never Vexed",Comedies,William Rowley (Uncertain: No)|,1632,Yes,1611,quarto,1632,161-A11153,1,5,0,2,0,8
ALbL,All's Lost by Lust,Tragedies,William Rowley (Uncertain: No)|,1633,Yes,1619,quarto,1633,161-A11155,0,2,0,0,0,2
AT,"The Atheist's Tragedy, or The Honest Man's Revenge",Tragedies,Cyril Tourneur (Uncertain: No)|,1611,Yes,1611,quarto,1611,161-A13840,0,1,0,1,0,2
DLC,The Devil's Law Case (When Women Go to Law the Devil Is Full of Business),Tragicomedies,John Webster (Uncertain: No)|,1623,Yes,1619,quarto,1623,161-A14869,0,0,0,0,0,0
Malfi,The Duchess of Malfi,Tragedies,John Webster (Uncertain: No)|,1623,Yes,1614,quarto,1623,161-A14872,0,0,0,0,0,0
RoBDA,The Revenge of Bussy D'Ambois,Tragedies,George Chapman (Uncertain: No)|,1613,Yes,1610,quarto,1613,161-A18421,1,0,3,2,1,7
MML,Match Me in London,Tragicomedies,Thomas Dekker (Uncertain: No)|,1631,No,1611,quarto,1631,161-A20088,1,0,2,4,0,7
MadLov,The Mad Lover,Tragicomedies,John Fletcher (Uncertain: No)|,1647,No,1617,folio,1647,161-A27177_01,0,0,0,2,0,2
LFL,The Little French Lawyer,Comedies,John Fletcher (Uncertain: No)| Philip Massinger (Uncertain: No)|,1647,Yes,1619,folio,1647,161-A27177_03,0,0,0,0,0,0
Capt,The Captain,Comedies,John Fletcher (Uncertain: No)| Francis Beaumont (Uncertain: Yes)|,1647,Yes,1612,folio,1647,161-A27177_06,1,1,5,5,4,16
Cox,The Coxcomb,Comedies,Francis Beaumont (Uncertain: No)| John Fletcher (Uncertain: No)|,1647,Yes,1609,folio,1647,161-A27177_08,4,3,3,4,3,17
Chances,The Chances,Comedies,John Fletcher (Uncertain: No)|,1647,Yes,1617,folio,1647,161-A27177_10,1,0,1,0,0,2
LoyalSub,The Loyal Subject,Tragicomedies,John Fletcher (Uncertain: No)|,1647,No,1618,folio,1647,161-A27177_11,0,0,0,0,0,0
Candy,The Laws of Candy,Tragicomedies,John Ford (Uncertain: Yes)|,1647,Yes,1619,folio,1647,161-A27177_12,0,0,0,0,0,0
HLt,"The Humorous Lieutenant (Generous Enemies, Demetrius and Enanthe) (The Noble Enemy)",Tragicomedies,John Fletcher (Uncertain: No)|,1647,Yes,1619,folio,1647,161-A27177_15,0,0,0,0,0,0
Bonduca,Bonduca,Tragedies,John Fletcher (Uncertain: No)|,1647,Yes,1613,folio,1647,161-A27177_19,1,0,0,0,0,1
SeaVoy,The Sea Voyage,Comedies,John Fletcher (Uncertain: No)| Philip Massinger (Uncertain: No)|,1647,No,1622,folio,1647,161-A27177_20,0,0,0,0,0,0
KoM,The Knight of Malta,Tragicomedies,Nathan Field (Uncertain: No)| John Fletcher (Uncertain: No)| Philip Massinger (Uncertain: No)|,1647,Yes,1618,folio,1647,161-A27177_23,0,0,0,0,0,0
Prize,"The Woman's Prize, or The Tamer Tamed",Comedies,John Fletcher (Uncertain: No)|,1647,No,1611,folio,1647,161-A27177_24,0,1,0,0,0,1
HMF,The Honest Man's Fortune,Tragicomedies,Nathan Field (Uncertain: No)| Philip Massinger (Uncertain: No)| John Fletcher (Uncertain: No)|,1647,No,1613,folio,1647,161-A27177_26,1,0,0,1,0,2
QoC,The Queen of Corinth,Tragicomedies,Nathan Field (Uncertain: No)| John Fletcher (Uncertain: No)| Philip Massinger (Uncertain: No)|,1647,Yes,1617,folio,1647,161-A27177_27,0,0,1,1,0,2
Valen,Valentinian,Tragedies,John Fletcher (Uncertain: No)|,1647,Yes,1614,folio,1647,161-A27177_31,0,0,0,0,1,1
LovPil,Love's Pilgrimage,Tragicomedies,Francis Beaumont (Uncertain: No)| John Fletcher (Uncertain: No)|,1647,Yes,1616,folio,1647,161-A27177_33,0,0,0,1,0,1
CS,The Careless Shepherdess,Pastoral plays,Thomas  Goffe (Uncertain: Yes)|,1656,Yes,1635,quarto,1656,161-A41366,0,1,0,0,0,1
Widow,The Widow,Comedies,Thomas Middleton (Uncertain: No)|,1652,Yes,1609,quarto,1652,161-A46230,1,0,0,0,0,1
OldLaw,"The Old Law, or A New Way to Please You",Comedies,Thomas Middleton (Uncertain: No)| William Rowley (Uncertain: No)| Thomas Heywood (Uncertain: No)|,1656,Yes,1632,quarto,1656,161-A50091,0,0,1,0,0,1
MDBW,More Dissemblers Besides Women,Comedies,Thomas Middleton (Uncertain: No)|,1657,No,1614,octavo,1657,161-A50799_01,0,0,0,0,0,0
HonLaw,The Honest Lawyer,Comedies,S. S. (Uncertain: No)|,1616,Yes,1615,quarto,1616,161-A68683,2,1,1,2,0,6
EB,The Elder Brother,Comedies,John Fletcher (Uncertain: No)| Philip Massinger (Uncertain: No)|,1637,Yes,1625,quarto,1637,162-A00960,0,0,0,0,0,0
ET,The English Traveller,Tragicomedies,Thomas Heywood (Uncertain: No)|,1633,No,1627,quarto,1633,162-A03195,0,0,1,0,0,1
HA,Herod and Antipater,Tragedies,Gervase Markham (Uncertain: No)| William Sampson (Uncertain: No)|,1622,Yes,1622,quarto,1622,162-A06982,1,1,2,0,2,6
Bondman,The Bondman (The Noble Bondman),Tragicomedies,Philip Massinger (Uncertain: No)|,1624,No,1623,quarto,1624,162-A07234,0,4,0,1,2,7
DoM,The Duke of Milan,Tragedies,Philip Massinger (Uncertain: No)|,1623,Yes,1621,quarto,1623,162-A07237,0,0,0,0,0,0
GDF,The Great Duke of Florence,Tragicomedies,Philip Massinger (Uncertain: No)|,1636,No,1627,quarto,1636,162-A07239,0,0,0,0,0,0
MoH,The Maid of Honor,Tragicomedies,Philip Massinger (Uncertain: No)|,1632,Yes,1621,quarto,1632,162-A07240,0,0,0,0,0,0
NWPOD,A New Way to Pay Old Debts,Comedies,Philip Massinger (Uncertain: No)|,1633,No,1625,quarto,1633,162-A07241,0,0,1,1,0,2
Pic,The Picture,Tragicomedies,Philip Massinger (Uncertain: No)|,1630,No,1629,quarto,1630,162-A07245,0,0,1,0,0,1
Ren,"The Renegado, or The Gentleman of Venice",Tragicomedies,Philip Massinger (Uncertain: No)|,1630,No,1624,quarto,1630,162-A07246,1,0,1,0,1,3
RA,The Roman Actor,Tragedies,Philip Massinger (Uncertain: No)|,1629,No,1626,quarto,1629,162-A07247,0,0,0,0,0,0
UnCombat,The Unnatural Combat,Tragedies,Philip Massinger (Uncertain: No)|,1639,Yes,1624,quarto,1639,162-A07248,0,0,0,1,0,1
VirgMar,The Virgin Martyr,Tragedies,Thomas Dekker (Uncertain: No)| Philip Massinger (Uncertain: No)|,1622,No,1620,quarto,1622,162-A07249,0,0,0,0,0,0
Heir,The Heir,Comedies,Thomas May (Uncertain: No)|,1622,No,1620,quarto,1622,162-A07326,0,0,0,0,0,0
Cleo,"Cleopatra, Queen of Egypt",Tragedies,Thomas May (Uncertain: No)|,1639,No,1626,duodecimo,1639,162-A07330,0,0,0,0,0,0
Julia,"Julia Agrippina, Empress of Rome",Tragedies,Thomas May (Uncertain: No)|,1639,No,1628,duodecimo,1639,162-A07332,0,0,0,0,0,0
MaM,A Match at Midnight,Comedies,W. R. (Uncertain: No)|,1633,Yes,1622,quarto,1633,162-A11151,2,1,1,0,1,5
GS,The Grateful Servant (The Faithful Servant),Tragicomedies,James Shirley (Uncertain: No)|,1630,No,1629,quarto,1630,162-A12138,0,0,0,0,2,2
MR,The Maid's Revenge,Tragedies,James Shirley (Uncertain: No)|,1639,No,1626,quarto,1639,162-A12145,0,0,0,0,0,0
SoC,The School of Compliment (Love Tricks),Comedies,James Shirley (Uncertain: No)|,1631,No,1625,quarto,1631,162-A12152,0,0,1,0,0,1
Wed,The Wedding,Comedies,James Shirley (Uncertain: No)|,1629,No,1626,quarto,1629,162-A12155,0,0,0,0,0,0
WFO,The Witty Fair One,Comedies,James Shirley (Uncertain: No)|,1633,No,1628,quarto,1633,162-A12157,0,0,1,0,0,1
TMM,"Two Merry Milkmaids, or The Best Words Wear the Garland",Comedies,John  Cumber (Uncertain: Yes)|,1620,Yes,1619,quarto,1620,162-A17460,0,3,0,8,0,11
NTCD,A New Trick to Cheat the Devil,Comedies,Robert Davenport (Uncertain: No)|,1639,Yes,1625,quarto,1639,162-A19888,0,0,0,0,1,1
SC,The Spanish Curate,Comedies,John Fletcher (Uncertain: No)| Philip Massinger (Uncertain: No)|,1647,No,1622,folio,1647,162-A27177_02,0,0,0,0,0,0
CC,The Custom of the Country,Comedies,John Fletcher (Uncertain: No)| Philip Massinger (Uncertain: No)|,1647,Yes,1620,folio,1647,162-A27177_04,0,0,0,0,0,0
BegBush,Beggars' Bush,Comedies,Francis Beaumont (Uncertain: No)| John Fletcher (Uncertain: No)| Philip Massinger (Uncertain: No)|,1647,Yes,1622,folio,1647,162-A27177_07,0,1,0,0,1,2
FO,The False One,History plays,John Fletcher (Uncertain: No)| Philip Massinger (Uncertain: No)|,1647,Yes,1620,folio,1647,162-A27177_09,0,0,0,0,0,0
WL,The Wandering Lovers (The Lovers' Progress) (Cleander),Tragicomedies,John Fletcher (Uncertain: No)| Philip Massinger (Uncertain: No)|,1647,No,1623,folio,1647,162-A27177_13,0,0,0,0,0,0
IP,The Island Princess,Tragicomedies,John Fletcher (Uncertain: No)|,1647,Yes,1621,folio,1647,162-A27177_14,0,0,0,0,0,0
NV,"The Nice Valor, or The Passionate Madman",Comedies,Thomas Middleton (Uncertain: No)| John Fletcher (Uncertain: Yes)|,1647,No,1622,folio,1647,162-A27177_16,0,0,1,0,0,1
Mill,The Maid in the Mill,Comedies,John Fletcher (Uncertain: No)| William Rowley (Uncertain: No)|,1647,No,1623,folio,1647,162-A27177_17,1,0,0,0,0,1
Proph,The Prophetess,Tragicomedies,John Fletcher (Uncertain: No)| Philip Massinger (Uncertain: No)|,1647,No,1622,folio,1647,162-A27177_18,0,0,0,0,0,0
DMarr,The Double Marriage,Tragedies,John Fletcher (Uncertain: No)| Philip Massinger (Uncertain: No)|,1647,Yes,1620,folio,1647,162-A27177_21,0,0,0,0,0,0
Pilgrim,The Pilgrim,Comedies,John Fletcher (Uncertain: No)|,1647,Yes,1621,folio,1647,162-A27177_22,0,0,0,0,0,0
Pleased,Women Pleased,Tragicomedies,John Fletcher (Uncertain: No)|,1647,Yes,1620,folio,1647,162-A27177_28,0,1,0,0,0,1
FMI,The Fair Maid of the Inn,Comedies,John Fletcher (Uncertain: No)| John Ford (Uncertain: No)| Philip Massinger (Uncertain: No)| John Webster (Uncertain: Yes)|,1647,No,1626,folio,1647,162-A27177_32,0,0,0,0,0,0
WGC,The Wild Goose Chase,Comedies,John Fletcher (Uncertain: No)|,1652,Yes,1621,folio,1652,162-A27203,0,1,0,1,0,2
SD,The Sun's Darling,Masques,Thomas Dekker (Uncertain: No)| John Ford (Uncertain: No)|,1656,No,1624,quarto,1656,162-A39898,0,0,0,0,0,0
Change,The Changeling,Tragedies,Thomas Middleton (Uncertain: No)| William Rowley (Uncertain: No)|,1653,No,1622,quarto,1653,162-A50789,0,0,0,0,2,2
WBW,Women Beware Women,Tragedies,Thomas Middleton (Uncertain: No)|,1657,Yes,1621,octavo,1657,162-A50799_02,0,0,0,0,0,0
Queen,"The Queen, or The Excellency of Her Sex",Tragicomedies,John Ford (Uncertain: No)|,1653,Yes,1641,quarto,1653,162-A56872,0,0,2,0,0,2
WoE,The Witch of Edmonton,Tragicomedies,Thomas Dekker (Uncertain: No)| John Ford (Uncertain: No)| William Rowley (Uncertain: No)|,1658,No,1621,quarto,1658,162-A57764,0,0,0,0,0,0
AppVir,Appius and Virginia,Tragedies,John Webster (Uncertain: Yes)|,1654,Yes,1624,quarto,1654,162-A65360,0,0,0,0,0,0
BH,The Broken Heart,Tragedies,John Ford (Uncertain: No)|,1633,Yes,1630,quarto,1633,163-A01046,0,0,0,0,0,0
Perkin,Perkin Warbeck,History plays,John Ford (Uncertain: No)|,1634,Yes,1633,quarto,1634,163-A01047,0,0,0,0,0,0
FCN,The Fancies Chaste and Noble,Comedies,John Ford (Uncertain: No)|,1638,Yes,1635,quarto,1638,163-A01049,0,0,0,0,0,0
LT,The Lady's Trial,Comedies,John Ford (Uncertain: No)|,1639,No,1638,quarto,1639,163-A01052,0,1,0,0,0,1
LS,Love's Sacrifice,Tragedies,John Ford (Uncertain: No)|,1633,Yes,1632,quarto,1633,163-A01056,3,1,0,0,0,4
TPSW,'Tis Pity She's a Whore,Tragedies,John Ford (Uncertain: No)|,1633,Yes,1632,quarto,1633,163-A01057,0,0,1,2,0,3
ArgPar,Argalus and Parthenia,Tragicomedies,Henry Glapthorne (Uncertain: No)|,1639,Yes,1638,quarto,1639,163-A01772,1,0,0,0,0,1
AlWal,Albertus Wallenstein,History plays,Henry Glapthorne (Uncertain: No)|,1639,Yes,1639,quarto,1639,163-A01777,1,0,0,0,0,1
Beauty,A Challenge for Beauty,Tragicomedies,Thomas Heywood (Uncertain: No)|,1636,Yes,1635,quarto,1636,163-A03190,0,0,1,0,0,1
1FMW,"The Fair Maid of the West, or A Girl Worth Gold, 1",Comedies,Thomas Heywood (Uncertain: No)|,1631,Yes,1604,quarto,1631,163-A03201_01,0,0,0,0,0,0
2FMW,"The Fair Maid of the West, or A Girl Worth Gold, 2",Comedies,Thomas Heywood (Uncertain: No)|,1631,Yes,1631,quarto,1631,163-A03201_02,3,1,0,0,1,5
Consp,The Conspiracy (Pallantus and Eudora),Tragicomedies,Henry Killigrew (Uncertain: No)|,1638,No,1635,quarto,1638,163-A04824,0,0,0,0,0,0
SCC,The Seven Champions of Christendom,Romance plays,John Kirke (Uncertain: No)|,1638,Yes,1635,quarto,1638,163-A04874,1,0,0,0,0,1
EmpEast,The Emperor of the East,Tragicomedies,Philip Massinger (Uncertain: No)|,1632,No,1631,quarto,1632,163-A07238,0,2,0,1,0,3
CityMat,The City Match,Comedies,Jasper Mayne (Uncertain: No)|,[1639],Yes,1637,folio,1639,163-A07367,3,1,6,1,0,11
CG,Covent Garden,Comedies,Thomas Nabbes (Uncertain: No)|,1638,No,1633,quarto,1638,163-A07971,0,0,0,0,0,0
HanSci,Hannibal and Scipio,Tragedies,Thomas Nabbes (Uncertain: No)|,1637,No,1635,quarto,1637,163-A07974,0,0,0,0,0,0
TC,Tottenham Court,Comedies,Thomas Nabbes (Uncertain: No)|,1638,Yes,1634,quarto,1638,163-A07978,0,0,0,1,0,1
LL,The Lost Lady,Tragicomedies,William Berkeley (Uncertain: No)|,1638,Yes,1637,folio,1638,163-A08731,0,0,0,0,1,1
NSS,"The Noble Spanish Soldier (The Noble Soldier, or A Contract Broken Justly Revenged)",Pseudo-history,Thomas Dekker (Uncertain: No)|,1634,No,1622,quarto,1634,163-A11145,0,0,0,0,0,0
ShoeGent,A Shoemaker a Gentleman,Comedies,William Rowley (Uncertain: No)|,1638,Yes,1608,quarto,1638,163-A11152,0,0,1,3,1,5
ShepHol,The Shepherds' Holiday,Pastoral plays,Joseph Rutter (Uncertain: No)|,1635,Yes,1634,octavo,1635,163-A11205,0,0,0,0,0,0
MS,The Martyred Soldier,Tragedies,Henry Shirley (Uncertain: No)|,1638,Yes,1618,quarto,1638,163-A12127,0,0,1,0,0,1
BC,The Bird in a Cage (The Beauties),Comedies,James Shirley (Uncertain: No)|,1633,No,1633,quarto,1633,163-A12128,0,0,0,0,0,0
CLM,"Changes, or Love in a Maze",Comedies,James Shirley (Uncertain: No)|,1632,No,1632,quarto,1632,163-A12129,0,0,0,0,0,0
ConMaid,The Constant Maid (Love Will Find Out the Way),Comedies,James Shirley (Uncertain: No)|,1640,Yes,1638,quarto,1640,163-A12130,0,0,0,0,1,1
Coro,The Coronation,Comedies,James Shirley (Uncertain: No)|,1640,No,1635,quarto,1640,163-A12133,0,0,0,0,0,0
DukesM,The Duke's Mistress,Tragicomedies,James Shirley (Uncertain: No)|,1638,No,1636,quarto,1638,163-A12135,0,0,0,0,0,0
Example,The Example,Comedies,James Shirley (Uncertain: No)|,1637,No,1634,quarto,1637,163-A12136,0,0,0,0,0,0
Game,The Gamester,Comedies,James Shirley (Uncertain: No)|,1637,No,1633,quarto,1637,163-A12137,0,0,0,0,0,0
HP,Hyde Park,Comedies,James Shirley (Uncertain: No)|,1637,No,1632,quarto,1637,163-A12140,0,0,0,0,0,0
HC,The Humorous Courtier (The Duke),Comedies,James Shirley (Uncertain: No)|,1640,No,1631,quarto,1640,163-A12141,0,0,1,3,0,4
LoP,The Lady of Pleasure,Comedies,James Shirley (Uncertain: No)|,1637,No,1635,quarto,1637,163-A12142,0,0,0,0,0,0
LovCru,Love's Cruelty,Tragedies,James Shirley (Uncertain: No)|,1640,No,1631,quarto,1640,163-A12143,0,0,0,0,0,0
Opp,The Opportunity,Comedies,James Shirley (Uncertain: No)|,1640,No,1634,quarto,1640,163-A12148,0,0,0,0,0,0
RM,The Royal Master,Comedies,James Shirley (Uncertain: No)|,1638,No,1637,quarto,1638,163-A12150,0,0,0,0,0,0
1StP,"Saint Patrick for Ireland, 1",Neo-miracle,James Shirley (Uncertain: No)|,1640,Yes,1639,quarto,1640,163-A12151,0,0,1,0,0,1
Traitor,The Traitor,Tragedies,James Shirley (Uncertain: No)|,1635,No,1631,quarto,1635,163-A12154,0,0,0,0,0,0
YoungAd,The Young Admiral,Tragicomedies,James Shirley (Uncertain: No)|,1637,No,1633,quarto,1637,163-A12158,0,0,0,0,0,0
ValScot,The Valiant Scot,Tragedies,J. W. (Uncertain: No)|,1637,Yes,1626,quarto,1637,163-A14599,0,1,1,1,0,3
NL,The Northern Lass,Comedies,Richard Brome (Uncertain: No)|,1632,No,1629,quarto,1632,163-A16924,2,0,1,0,0,3
SG,The Sparagus Garden (Tom Hoydon o' Tanton Deane),Comedies,Richard Brome (Uncertain: No)|,1640,No,1635,quarto,1640,163-A16927,0,1,1,2,0,4
RS,The Royal Slave,Tragicomedies,William Cartwright (Uncertain: No)|,1639,No,1636,quarto,1639,163-A18083,0,0,0,0,0,0
Ball,The Ball,Comedies,James Shirley (Uncertain: No)|,1639,No,1632,quarto,1639,163-A18427,0,0,0,0,0,0
1Cid,"The Cid, 1 (The Valiant Cid)",Tragicomedies,Joseph Rutter (Uncertain: No)| Pierre Corneille (Uncertain: No)|,1637,Yes,1637,duodecimo,1637,163-A19346,0,0,0,0,0,0
CB,The Cruel Brother,Tragedies,William Davenant (Uncertain: No)|,1630,No,1627,quarto,1630,163-A19876,0,0,0,0,0,0
JustIta,The Just Italian,Comedies,William Davenant (Uncertain: No)|,1630,No,1629,quarto,1630,163-A19877,0,1,1,0,1,3
Wits,The Wits,Comedies,William Davenant (Uncertain: No)|,1636,No,1636,quarto,1636,163-A19883,0,1,1,1,1,4
WoK,The Wonder of a Kingdom,Comedies,Thomas Dekker (Uncertain: No)|,1636,Yes,1631,quarto,1636,163-A20093,0,0,0,0,0,0
DoS,The Duchess of Suffolk,History plays,Thomas Drue (Uncertain: No)|,1631,No,1624,quarto,1631,163-A20866,0,0,0,0,0,0
CL,The Cunning Lovers,Comedies,Alexander Brome (Uncertain: Yes)|,1654,Yes,1638,quarto,1654,163-A29620,0,0,0,0,0,0
CityMad,The City Madam,Comedies,Philip Massinger (Uncertain: No)|,1659,No,1600,quarto,1658,163-A50090,0,0,0,0,1,1
BL,The Bashful Lover,Tragicomedies,Philip Massinger (Uncertain: No)|,1655,No,1636,octavo,1655,163-A50093_01,0,0,0,0,0,0
Guard,The Guardian,Comedies,Philip Massinger (Uncertain: No)|,1655,No,1633,octavo,1655,163-A50093_02,0,0,0,0,0,0
VeryWom,"A Very Woman, or The Prince of Tarent",Tragicomedies,John Fletcher (Uncertain: No)| Philip Massinger (Uncertain: No)|,1655,No,1634,octavo,1655,163-A50093_03,0,0,1,0,0,1
GoV,The Gentleman of Venice,Tragicomedies,James Shirley (Uncertain: No)|,1655,No,1639,quarto,1655,163-A59979,0,0,0,0,0,0
Poli,The Politician,Tragedies,James Shirley (Uncertain: No)|,1655,Yes,1639,quarto,1655,163-A59990,0,0,0,0,1,1
EM,"The English Moor, or The Mock Marriage",Comedies,Richard Brome (Uncertain: No)|,1659,No,1637,octavo,1658,163-A77567_01,0,0,0,0,0,0
Lovesick,"The Lovesick Court, or The Ambitious Politic",Tragicomedies,Richard Brome (Uncertain: No)|,1659,Yes,1639,octavo,1658,163-A77567_02,0,0,0,0,1,1
WCG,"The Weeding of the Covent Garden, or The Middlesex Justice of Peace (The Covent Garden Weeded)",Comedies,Richard Brome (Uncertain: No)|,1659,No,1632,octavo,1658,163-A77567_03,0,5,2,1,0,8
DH,"The Doubtful Heir (Rosania, or Love's Victory)",Tragicomedies,James Shirley (Uncertain: No)|,1652,Yes,1638,octavo,1652,163-A93170,0,0,0,0,0,0
WitConst,Wit in a Constable,Comedies,Henry Glapthorne (Uncertain: No)|,1640,Yes,1638,quarto,1640,164-A01779,0,0,0,0,0,0
QoA,The Queen of Aragon,Tragicomedies,William Habington (Uncertain: No)|,1640,No,1640,folio,1640,164-A02455,0,0,0,0,0,0
Bride,The Bride,Comedies,Thomas Nabbes (Uncertain: No)|,1640,No,1638,quarto,1640,164-A07970,0,0,0,0,0,0
Arc,The Arcadia,Tragicomedies,James Shirley (Uncertain: No)|,1640,No,1640,quarto,1640,164-A12149,0,0,0,0,0,0
Antip,The Antipodes,Comedies,Richard Brome (Uncertain: No)|,1640,Yes,1638,quarto,1640,164-A16923,2,0,0,1,0,3
KGNV,"The Knave in Grain, New Vamped",Comedies,J. D. (Uncertain: No)|,1640,Yes,1625,quarto,1640,164-A19750,0,0,0,0,0,0
JC,"A Jovial Crew, or The Merry Beggars",Comedies,Richard Brome (Uncertain: No)|,1652,No,1641,quarto,1652,164-A29637,0,0,1,0,0,1
Land,Landgartha,Tragicomedies,Henry Burnell (Uncertain: No)|,1641,Yes,1640,quarto,1641,164-A30315,0,0,0,0,0,0
RH,Revenge for Honor (The Parricide),Tragedies,Henry Glapthorne (Uncertain: Yes)|,1654,Yes,1640,quarto,1654,164-A31672,0,0,0,0,0,0
Sophy,The Sophy,Tragedies,John Denham (Uncertain: No)|,1642,Yes,1642,octavo,1642,164-A35657,0,0,0,0,0,0
Variety,The Variety,Comedies,William Cavendish (Uncertain: No)|,1649,Yes,1641,duodecimo,1649,164-A53070_02,0,0,0,0,0,0
Brenn,"Brennoralt, or The Discontented Colonel",Tragedies,John Suckling (Uncertain: No)|,,Yes,1639,quarto,1642,164-A61942,2,1,2,0,0,5
MRE,"Messalina, the Roman Empress",Tragedies,Nathaniel Richards (Uncertain: No)|,1640,Yes,1635,octavo,1640,164-A68655,0,0,0,0,0,0
Card,The Cardinal,Tragedies,James Shirley (Uncertain: No)|,1652,No,1641,octavo,1652,164-A93167,0,0,0,0,1,1
Sis,The Sisters,Comedies,James Shirley (Uncertain: No)|,1652,No,1642,octavo,1652,164-A93178,0,0,0,0,0,0
QE,The Queen's Exchange (The Royal Exchange),Tragicomedies,Richard Brome (Uncertain: No)|,1657,Yes,1631,quarto,1657,165-A29644,0,1,0,1,4,6
NewAc,"The New Academy, or The New Exchange",Comedies,Richard Brome (Uncertain: No)|,1659,Yes,1635,octavo,1658,165-A77567_04,0,0,0,0,0,0
QC,The Queen and Concubine,Tragicomedies,Richard Brome (Uncertain: No)|,1659,Yes,1635,octavo,1659,165-A77567_05,0,0,0,0,0,0
Bros,The Brothers,Comedies,James Shirley (Uncertain: No)|,1652,No,1641,octavo,1652,165-A93166,0,0,0,0,0,0
